"0","tamaramorrison@hotmail.com","pass0","Gary","Cross","711 Golden Overpass
West Andreaville, OH 44115","0","Buyer"
"1","woodtina@gmail.com","pass1","Denise","Thornton","30989 Anthony Roads
New Maria, DE 51777","0","Buyer"
"2","rogersbrandon@yahoo.com","pass2","Christina","Saunders","207 Mccullough Well Suite 564
New Hannah, NH 97700","0","Buyer"
"3","davidbanks@yahoo.com","pass3","Kathleen","Collins","206 Stewart Forest
Lake Karenhaven, RI 13317","0","Buyer"
"4","samanthasims@yahoo.com","pass4","Timothy","Parker","87755 Timothy Squares
Simmonsport, MA 96806","0","Buyer"
"5","amyvelazquez@gmail.com","pass5","Dr.","DDS","Unit 7296 Box 6875
DPO AA 65859","0","Buyer"
"6","dpatrick@gmail.com","pass6","John","Gibbs","024 Cook Park
Sherriport, WI 53987","0","Buyer"
"7","huberrachel@gmail.com","pass7","Julie","Chen","4183 Kimberly Mills
Katherinemouth, MI 83340","0","Buyer"
"8","karicarter@yahoo.com","pass8","Ashley","Cooper","8529 Curtis Prairie Suite 262
Port Jeffrey, NY 32330","0","Buyer"
"9","bramirez@gmail.com","pass9","Christina","Smith","489 Roger Terrace
Davisfort, WV 30957","0","Buyer"
"10","mcdanielchristopher@hotmail.com","pass10","Leslie","Taylor","857 Scott Divide Suite 093
West Thomastown, PR 69553","0","Buyer"
"11","fcarpenter@yahoo.com","pass11","Amanda","Schultz","491 Wise Knoll
Ellishaven, TN 85502","0","Buyer"
"12","nhenson@yahoo.com","pass12","Kristen","Smith","PSC 6777, Box 1113
APO AE 20659","0","Buyer"
"13","taylorjamie@yahoo.com","pass13","Mitchell","Payne","57492 Lisa Plaza Suite 590
South Eric, HI 67409","0","Buyer"
"14","areyes@yahoo.com","pass14","Katherine","Brown","56237 Thomas Inlet
Lake Mark, WY 98452","0","Buyer"
"15","zmorgan@yahoo.com","pass15","Jessica","Hancock","5600 Davis Highway
South Joel, MI 21771","0","Buyer"
"16","rfischer@yahoo.com","pass16","Gloria","Smith","931 Ramirez Village Apt. 821
New Daniel, NY 83355","0","Buyer"
"17","vasquezkathryn@gmail.com","pass17","Miguel","Shields","PSC 6644, Box 6595
APO AE 40742","0","Buyer"
"18","kimberly87@gmail.com","pass18","Kyle","Powell","080 Herring Key Apt. 182
Jamesview, MD 92304","0","Buyer"
"19","wbrown@hotmail.com","pass19","William","Hensley","59306 Holly Underpass
Buckburgh, MI 10648","0","Buyer"
"20","pwilliams@hotmail.com","pass20","Brett","Donaldson","65282 Greg Estate
New Mark, AK 63797","0","Buyer"
"21","houstonwhitney@hotmail.com","pass21","Thomas","Cook","26951 Huang Gardens Suite 636
Lake Timothy, PW 76703","0","Buyer"
"22","pford@hotmail.com","pass22","Tina","Thompson","646 Michael Curve
New Michaeltown, NE 76089","0","Buyer"
"23","elizabeth32@hotmail.com","pass23","Lauren","Walters","9261 Alex Lake
Floresmouth, MN 77080","0","Buyer"
"24","nancy51@hotmail.com","pass24","Troy","Hawkins","02983 Antonio Lodge
Kleinville, NJ 73841","0","Buyer"
"25","danielrobles@yahoo.com","pass25","William","Bray","017 Long Forks Suite 090
Davisborough, VA 43336","0","Buyer"
"26","griffinpamela@hotmail.com","pass26","Melissa","Wells","4619 Wilkins Wall
South John, NJ 54277","0","Buyer"
"27","qmyers@yahoo.com","pass27","Amy","Sanchez","Unit 8645 Box 7325
DPO AP 47232","0","Buyer"
"28","jeremy94@gmail.com","pass28","Joshua","Jones","1039 Brianna Passage Suite 274
New Sergiobury, MS 50840","0","Buyer"
"29","wendysteele@gmail.com","pass29","Zachary","Garcia","192 Johnson Ville
West Colin, MP 93220","0","Buyer"
"30","hartmanrobert@hotmail.com","pass30","Kim","Ortiz","64000 Jones Shore Suite 584
Port Jeanettehaven, DC 34523","0","Buyer"
"31","martinezchristopher@gmail.com","pass31","Kristin","Ibarra","730 Jackson Parkways
Lewisside, NC 65143","0","Buyer"
"32","qstark@yahoo.com","pass32","Eric","Taylor","9684 Jacob Forge Suite 828
Port Carla, WV 70196","0","Buyer"
"33","waynebarnes@yahoo.com","pass33","Daniel","Mccall","986 Rebecca Center
Merrittton, SD 85388","0","Buyer"
"34","vschneider@gmail.com","pass34","Brian","Kelly","Unit 2166 Box 7052
DPO AE 92631","0","Buyer"
"35","ostone@gmail.com","pass35","Abigail","Hoover","7577 Christopher Mill
Frankside, NJ 72758","0","Buyer"
"36","blewis@hotmail.com","pass36","Ashley","Williams","6037 Vega Vista Apt. 078
Port Paul, LA 90278","0","Buyer"
"37","hbrown@gmail.com","pass37","Edward","Hill","39287 John Heights
Barnesmouth, PR 88806","0","Buyer"
"38","joylowe@yahoo.com","pass38","Chad","Bridges","8724 Rachel Squares
Latoyabury, AL 19300","0","Buyer"
"39","sandygarcia@gmail.com","pass39","Dalton","Fritz","33319 Russell Village
New James, NM 12409","0","Buyer"
"40","nbaker@gmail.com","pass40","Erica","Vega","666 Douglas Club Suite 283
Bellshire, FL 75555","0","Buyer"
"41","jenniferbaldwin@hotmail.com","pass41","Dawn","Russell","238 Shawn Well
Port Johnshire, NC 72291","0","Buyer"
"42","codyherring@hotmail.com","pass42","Erica","Le","57725 Sweeney Lodge
Brandyland, OH 59854","0","Buyer"
"43","tgilmore@yahoo.com","pass43","Kenneth","Castro","46379 Lopez Route Apt. 969
West Michael, MD 62485","0","Buyer"
"44","justinbonilla@hotmail.com","pass44","Daniel","Patterson","94678 Brown Camp
West Nicholaschester, MS 85041","0","Buyer"
"45","webereric@hotmail.com","pass45","Douglas","Yates","04374 Nicholas Cliff Suite 001
Adrianport, AR 00654","0","Buyer"
"46","denisetaylor@gmail.com","pass46","David","Steele","Unit 4585 Box 0002
DPO AA 97569","0","Buyer"
"47","jyoung@gmail.com","pass47","Christopher","Green","24581 Tyler Well Apt. 640
Adamburgh, MA 23043","0","Buyer"
"48","upeters@hotmail.com","pass48","Maria","Valentine","68140 Trevor Valleys
Vaughanstad, OH 62334","0","Buyer"
"49","torreskyle@hotmail.com","pass49","Beverly","Taylor","98027 Anna Common Suite 527
Bradville, FM 13697","0","Buyer"
"50","christopher91@gmail.com","pass50","Kristin","Alvarez","61677 Jasmine Centers
East Crystalfurt, PA 12810","0","Buyer"
"51","yolandabraun@gmail.com","pass51","Scott","Lawrence","99243 Larry Extensions Apt. 078
Bergmouth, PA 44788","0","Buyer"
"52","olsonjohn@gmail.com","pass52","Perry","Jr.","73293 Molly Groves
New Melissa, TN 64065","0","Buyer"
"53","erin71@yahoo.com","pass53","David","Rivera","3605 Jackson Corners Suite 709
Port Donald, OH 74865","0","Buyer"
"54","kelly22@hotmail.com","pass54","Shannon","Rivera","7637 Aimee Ranch
Rittermouth, IL 74257","0","Buyer"
"55","beverlysmith@yahoo.com","pass55","Katherine","Smith","499 Edward Vista
New Matthewport, MH 72138","0","Buyer"
"56","ktucker@hotmail.com","pass56","Elaine","Morris","61972 Floyd Lodge Suite 287
Samanthahaven, IN 28789","0","Buyer"
"57","gordon43@hotmail.com","pass57","Wayne","Reed","143 Doyle Cove Suite 852
Port David, VA 97386","0","Buyer"
"58","kennethwashington@gmail.com","pass58","Jennifer","Marsh","41694 Ashlee Lodge Suite 853
East Denise, CT 15792","0","Buyer"
"59","zharris@hotmail.com","pass59","Richard","Haynes","4547 Matthew Islands
Port Michael, MN 47480","0","Buyer"
"60","davidlewis@gmail.com","pass60","Sean","Jackson","4495 Duke Trafficway
Archerhaven, GU 07048","0","Buyer"
"61","joshuakent@yahoo.com","pass61","Billy","Graham","390 Andrew Summit
Rodrigueztown, NM 97594","0","Buyer"
"62","tammy10@yahoo.com","pass62","Christopher","Mitchell","515 Lindsey Village Apt. 594
Travismouth, GA 32478","0","Buyer"
"63","christianhernandez@gmail.com","pass63","Jeffrey","Griffin","436 Brian Trafficway Apt. 295
North Bob, ND 21817","0","Buyer"
"64","randallwendy@yahoo.com","pass64","Chase","Foley","5263 Eric Mount Suite 930
Derekmouth, MT 74898","0","Buyer"
"65","heathercrawford@yahoo.com","pass65","Matthew","Cisneros","96654 Kelly Parks
Randybury, WY 61048","0","Buyer"
"66","pauldiaz@gmail.com","pass66","Tyler","Pace","931 Henderson Shores Apt. 948
Pamelaberg, AZ 01714","0","Buyer"
"67","victorlewis@gmail.com","pass67","Matthew","Beltran","84638 Lisa Ridges
Melissamouth, KS 67260","0","Buyer"
"68","armstrongcolleen@gmail.com","pass68","Sandra","Powell","39594 Kevin Ways Apt. 634
Andrewton, NE 96331","0","Buyer"
"69","mwade@hotmail.com","pass69","Matthew","Jones","4938 Andrea Square Suite 279
North Natalie, MS 76915","0","Buyer"
"70","kristinperry@yahoo.com","pass70","Jacob","Roy","Unit 1844 Box 0663
DPO AE 79652","0","Buyer"
"71","cbrown@yahoo.com","pass71","Shannon","Boyd","USCGC Le
FPO AE 34436","0","Buyer"
"72","patricklopez@hotmail.com","pass72","Jessica","Wilson","554 April Circles Suite 196
Tylerville, VA 60222","0","Buyer"
"73","osanders@gmail.com","pass73","Keith","Ramsey","5383 Kimberly Tunnel Apt. 342
South Jesse, CO 30873","0","Buyer"
"74","sharon91@hotmail.com","pass74","Lori","Dominguez","376 Eric Highway Suite 690
Jonesport, VA 61698","0","Buyer"
"75","privera@gmail.com","pass75","Patricia","Pearson","27901 John Drive Suite 233
New Dominique, AR 59360","0","Buyer"
"76","brian64@yahoo.com","pass76","Alan","Pineda","4701 Hall Groves
East Amystad, MN 35533","0","Buyer"
"77","diazfrank@yahoo.com","pass77","Jamie","Clark","USS Bullock
FPO AE 79810","0","Buyer"
"78","qferrell@hotmail.com","pass78","Tracey","Bartlett","9052 Miller Shores
Knappberg, TN 60227","0","Buyer"
"79","patrick19@yahoo.com","pass79","John","Coleman","3990 Terri Tunnel Suite 324
South Monica, RI 14378","0","Buyer"
"80","derek56@hotmail.com","pass80","Edward","Ochoa","9104 Hardy Flat
Lake Melanie, TX 45172","0","Buyer"
"81","jacob95@gmail.com","pass81","Sheri","Jennings","72890 Wright Groves Apt. 423
South Jodi, IA 35989","0","Buyer"
"82","ppatel@gmail.com","pass82","Deanna","Holt","189 Johnson Flats Suite 066
North Tiffany, VI 44671","0","Buyer"
"83","nicholasmorgan@hotmail.com","pass83","Larry","Palmer","58718 Camacho Cove Suite 092
Elizabethburgh, MA 63093","0","Buyer"
"84","dwells@hotmail.com","pass84","Kristina","Higgins","824 Roberson Port Apt. 542
Martinborough, IA 17119","0","Buyer"
"85","amyporter@yahoo.com","pass85","Shawn","Matthews","46432 Gina Route
West Johnny, AR 14522","0","Buyer"
"86","lindseylynch@hotmail.com","pass86","Leslie","Pugh","070 Christopher Glens
Jessicaland, GU 10999","0","Buyer"
"87","lcollins@gmail.com","pass87","James","Rodriguez","5877 Clark Plains
Sweeneyville, WA 28933","0","Buyer"
"88","john71@hotmail.com","pass88","George","Butler","57715 Harper Street
Barryborough, NC 38824","0","Buyer"
"89","deborah72@hotmail.com","pass89","Shawn","Gregory","747 Lee Ford Apt. 772
Port Russell, KY 29064","0","Buyer"
"90","irwinwyatt@gmail.com","pass90","David","DDS","0122 Hill Crossroad Apt. 255
Port Stephanie, IA 77834","0","Buyer"
"91","pbrown@yahoo.com","pass91","Mark","Chapman","89530 Anita Shoals
Ronaldport, MP 42703","0","Buyer"
"92","elizabethyang@gmail.com","pass92","Savannah","Miller","300 Salazar Square Apt. 339
Boyerhaven, VI 23452","0","Buyer"
"93","zwilson@hotmail.com","pass93","Matthew","Doyle","820 Andre Drives Apt. 590
New Alexandraberg, KS 43913","0","Buyer"
"94","drakefrederick@hotmail.com","pass94","Daniel","Carter","110 Dylan Wall
Anthonyville, ID 80082","0","Buyer"
"95","mforbes@yahoo.com","pass95","Donald","Ponce","59587 Davila Flats
Brownhaven, MS 86708","0","Buyer"
"96","hillshelley@gmail.com","pass96","Dr.","IV","7242 Williams Garden
Mathewville, UT 59650","0","Buyer"
"97","brittanymendoza@gmail.com","pass97","Adrienne","Friedman","09420 Ramos Walks Apt. 671
South Emilychester, IN 36624","0","Buyer"
"98","taylor42@yahoo.com","pass98","Justin","Adams","4173 Wells Garden Apt. 105
Thomaston, CT 13358","0","Buyer"
"99","jacksonlori@gmail.com","pass99","Michelle","Welch","6308 Carroll Park
South Chelsea, NY 67064","0","Buyer"
"100","michelehicks@gmail.com","pass100","Laura","Johnson","23162 Jones Turnpike
South Kimberly, CO 69011","0","Buyer"
"101","robertsmakayla@gmail.com","pass101","Benjamin","Ayers","44653 Jade Loop Apt. 643
Port Bobby, TN 45122","0","Buyer"
"102","briannarojas@gmail.com","pass102","John","Sawyer","USCGC Murphy
FPO AE 11473","0","Buyer"
"103","bradleysmith@gmail.com","pass103","Dr.","Jr.","42132 Joseph Mountains
Debraberg, ID 46457","0","Buyer"
"104","davidnguyen@gmail.com","pass104","Hailey","Beltran","6643 Tara Vista Apt. 572
Gardnerland, KS 28387","0","Buyer"
"105","caitlinhodges@hotmail.com","pass105","Denise","Poole","19509 Beck Fords Apt. 879
Chelseabury, MO 97888","0","Buyer"
"106","rodriguezthomas@yahoo.com","pass106","Gary","Martinez","Unit 5926 Box 8445
DPO AE 74436","0","Buyer"
"107","david98@gmail.com","pass107","Kevin","Clarke","7956 Rodriguez Crossroad Suite 772
Lake Gerald, DE 83162","0","Buyer"
"108","jwells@hotmail.com","pass108","John","Moyer","5828 Perez Passage
North Kathytown, HI 40904","0","Buyer"
"109","erika51@yahoo.com","pass109","Sherri","Perkins","94259 Brittney Mews Suite 666
Lowehaven, AL 58417","0","Buyer"
"110","wrubio@gmail.com","pass110","Mary","Cooper","3037 Romero Point
South Karen, VI 97729","0","Buyer"
"111","hillmegan@gmail.com","pass111","Mark","Dalton","943 Melissa Courts Suite 833
Nicholsonburgh, NE 99306","0","Buyer"
"112","goodwinamy@gmail.com","pass112","Kayla","Hicks","615 Gardner Centers
West Ianville, IA 47540","0","Buyer"
"113","abenson@hotmail.com","pass113","Rebecca","Brown","36203 Anita Stravenue Apt. 312
East Richardside, AS 87101","0","Buyer"
"114","jcarter@hotmail.com","pass114","Kathleen","Hart","09139 Amber Drive Suite 942
West Terri, PW 75383","0","Buyer"
"115","theresa27@hotmail.com","pass115","Nathan","Perez","937 Cynthia Glen Apt. 660
Brownland, NH 27657","0","Buyer"
"116","lmyers@yahoo.com","pass116","Krista","Allen","73715 Holland Mills
East Carl, VA 49747","0","Buyer"
"117","howardgregory@yahoo.com","pass117","Robert","Morris","39925 Barnes Cove
Hutchinsonberg, FM 56293","0","Buyer"
"118","christopher13@hotmail.com","pass118","Joseph","Smith","037 Crawford Harbor
Candiceland, MH 02827","0","Buyer"
"119","yjones@hotmail.com","pass119","Mark","Mendoza","460 Briggs Coves
Clarkstad, IL 20461","0","Buyer"
"120","mschaefer@gmail.com","pass120","Daniel","Howell","654 Valentine Plaza
Lake Pamelaborough, PW 53722","0","Buyer"
"121","qmiranda@hotmail.com","pass121","Nancy","Parsons","906 Gray Orchard Suite 520
Port Jason, MO 17581","0","Buyer"
"122","buchanankatelyn@gmail.com","pass122","Keith","Hendrix","1819 Sherry Crest Apt. 839
East Annamouth, UT 13101","0","Buyer"
"123","cgarcia@yahoo.com","pass123","Evan","Barron","675 Duncan Cove
Bensonchester, MH 15250","0","Buyer"
"124","phicks@yahoo.com","pass124","Raven","Martin","73722 Hill Bridge
West Lori, CA 83115","0","Buyer"
"125","rwebb@gmail.com","pass125","Patricia","Wright","032 Johnson Mission
Ramosmouth, WY 42326","0","Buyer"
"126","jaclyn81@hotmail.com","pass126","Carolyn","Coleman","4496 Chris Brooks
Jefferyhaven, TN 02843","0","Buyer"
"127","robinclark@yahoo.com","pass127","James","Stark","0315 Tracy Streets Apt. 817
Taylortown, GA 69427","0","Buyer"
"128","mcclurelouis@hotmail.com","pass128","Melissa","Edwards","19691 Rose Plaza Apt. 911
North Heather, VA 80448","0","Buyer"
"129","boydabigail@yahoo.com","pass129","Shannon","Rose","1917 David Lakes Apt. 646
West Rachel, ME 77205","0","Buyer"
"130","andrew62@hotmail.com","pass130","Holly","David","952 Rodriguez Trail Suite 276
Grantfort, IL 55913","0","Buyer"
"131","michaelharmon@hotmail.com","pass131","Nancy","Castro","Unit 9273 Box 3172
DPO AE 88971","0","Buyer"
"132","carlcamacho@gmail.com","pass132","Brandon","Hood","USCGC Lopez
FPO AA 61550","0","Buyer"
"133","makayla28@gmail.com","pass133","Linda","Wilson","1525 Brianna Causeway
Garciaberg, TN 90308","0","Buyer"
"134","longaaron@gmail.com","pass134","Stephanie","Flores","6301 Flores Center Suite 457
New Baileyton, RI 93060","0","Buyer"
"135","ecarlson@hotmail.com","pass135","Robert","Brown","140 Glenn Wall
Hornmouth, SD 15914","0","Buyer"
"136","amygrant@hotmail.com","pass136","Andrea","Jones","PSC 8661, Box 5372
APO AE 09511","0","Buyer"
"137","wbowman@hotmail.com","pass137","Erin","Sims","73398 Jaclyn Avenue
South Sarah, AS 28840","0","Buyer"
"138","megan26@hotmail.com","pass138","Michael","Cannon","0231 Simmons Street
North Pedro, MD 34539","0","Buyer"
"139","brittany63@gmail.com","pass139","Jennifer","Williams","9284 Orozco Views Suite 864
Dianatown, MT 05046","0","Buyer"
"140","jenkinsamanda@hotmail.com","pass140","Dylan","Williamson","0376 Rogers Street Apt. 721
Gracestad, MD 37599","0","Buyer"
"141","bthomas@yahoo.com","pass141","Mark","Oconnor","951 Scott Dale
Gibsonland, SD 16988","0","Buyer"
"142","anthonybush@gmail.com","pass142","Susan","Pearson","017 Bell Loop Apt. 038
New Brandonberg, MN 44963","0","Buyer"
"143","wilkinsonmark@hotmail.com","pass143","Allison","Bridges","6311 Anderson Plaza
Bryantview, OH 93001","0","Buyer"
"144","hickmantina@gmail.com","pass144","Andre","Brown","4639 Tyler Shore Suite 448
Monicaberg, MS 67915","0","Buyer"
"145","jturner@yahoo.com","pass145","Mitchell","Flores","605 Stanley Court
East Danielle, OH 95886","0","Buyer"
"146","jesus24@gmail.com","pass146","Michelle","Stewart","42574 Bradley Loaf
West Jacobland, PA 32543","0","Buyer"
"147","caldwellamanda@yahoo.com","pass147","Robert","Jones","37392 Janet Fields
East Christian, GA 61803","0","Buyer"
"148","choiryan@yahoo.com","pass148","Brittney","Robles","9849 Graham Overpass Apt. 370
Lake Kristinmouth, VA 22517","0","Buyer"
"149","gwilliams@hotmail.com","pass149","James","Brewer","4551 Martin Viaduct
Lake Melaniehaven, IN 90116","0","Buyer"
"150","heidi31@gmail.com","pass150","Erin","Long","795 Douglas Viaduct Suite 230
Jamesside, OK 66212","0","Buyer"
"151","carsondustin@yahoo.com","pass151","Jonathan","Ponce","7730 Myers Viaduct
Garciachester, AS 87735","0","Buyer"
"152","jennifer01@hotmail.com","pass152","Aaron","Stevenson","41369 Kevin Land
Hoodshire, TN 84202","0","Buyer"
"153","randycoleman@hotmail.com","pass153","Austin","Smith","17015 Logan Stream Apt. 921
Pierceville, NE 50327","0","Buyer"
"154","wrightrobert@hotmail.com","pass154","Bobby","Berry","Unit 9896 Box 1237
DPO AA 51529","0","Buyer"
"155","hthompson@gmail.com","pass155","Logan","Clarke","1445 Amanda Burgs Suite 771
Waterston, AK 18733","0","Buyer"
"156","sandracallahan@yahoo.com","pass156","Jonathon","Bell","USCGC Keith
FPO AP 12833","0","Buyer"
"157","ustevens@yahoo.com","pass157","Timothy","King","1004 Jeff Points Apt. 217
Robertstad, MI 49372","0","Buyer"
"158","joeljackson@yahoo.com","pass158","Courtney","Miller","83270 Matthew Spur Suite 575
Hannahhaven, AL 72586","0","Buyer"
"159","masseyjessica@yahoo.com","pass159","Jessica","Dawson","8941 Andrew Falls
Georgestad, LA 05588","0","Buyer"
"160","janice37@hotmail.com","pass160","Carrie","Ryan","USS Aguilar
FPO AE 26575","0","Buyer"
"161","bakerroberta@gmail.com","pass161","Matthew","Walsh","077 Mccarty Greens
Kimstad, CO 69974","0","Buyer"
"162","nsilva@hotmail.com","pass162","Valerie","Hardy","91614 Amy Lodge
East Kayla, CT 83641","0","Buyer"
"163","smullins@hotmail.com","pass163","Danny","Cook","167 Donald Ferry Apt. 879
Seantown, IN 75905","0","Buyer"
"164","hhenderson@yahoo.com","pass164","James","Beck","13732 Hunt Ridge
Brownview, NM 06146","0","Buyer"
"165","michaelferguson@gmail.com","pass165","Kimberly","Erickson","0975 William Avenue Suite 918
Johnsonside, OH 29180","0","Buyer"
"166","harrisbrent@yahoo.com","pass166","Mrs.","Clark","579 Susan Ville
West Davidshire, LA 90049","0","Buyer"
"167","klevine@gmail.com","pass167","Laura","Cooper","67367 Park Trafficway Suite 029
Singletonville, OK 97736","0","Buyer"
"168","ncharles@hotmail.com","pass168","Michael","Warren","8675 Reyes Vista Suite 747
North Ariana, WY 36418","0","Buyer"
"169","carlsonnicholas@hotmail.com","pass169","Dean","Bowen","2635 Green Trail
South Gabriel, LA 20403","0","Buyer"
"170","swarren@yahoo.com","pass170","Crystal","Brown","5577 Kyle River Apt. 401
North Natalieland, NH 43377","0","Buyer"
"171","hallricardo@gmail.com","pass171","Kenneth","Scott","9839 Smith Turnpike
Rickystad, PR 41429","0","Buyer"
"172","warrenpaige@gmail.com","pass172","Martin","Nguyen","1123 White Views Suite 638
Lake Jessicaview, NH 95141","0","Buyer"
"173","gregory93@hotmail.com","pass173","Chelsea","Barber","463 Case Rapid Apt. 640
North Allenberg, SC 03531","0","Buyer"
"174","allencynthia@hotmail.com","pass174","Wanda","Johnson","87485 Valencia Ranch Apt. 075
Marshallfort, WY 72888","0","Buyer"
"175","cory07@yahoo.com","pass175","Steven","Jackson","59702 Jenkins Creek
New Robertmouth, FM 72521","0","Buyer"
"176","cabrerasteven@gmail.com","pass176","Dawn","Powell","64247 Raymond Valley
Raymondhaven, WY 26450","0","Buyer"
"177","george85@yahoo.com","pass177","Larry","Thompson","1833 Farley Street
Sanchezstad, FL 19051","0","Buyer"
"178","angela87@yahoo.com","pass178","Corey","Whitaker","767 Chad Villages Suite 728
New Carmen, MA 88644","0","Buyer"
"179","mejiarodney@yahoo.com","pass179","Karen","Parker","69073 Malone Vista
Davidville, MO 26819","0","Buyer"
"180","haydenmark@yahoo.com","pass180","Melissa","Wright","9224 Lopez Key
New Taraton, MA 79519","0","Buyer"
"181","owilliams@hotmail.com","pass181","Samuel","Bernard","64811 Francis Squares Suite 999
South Shawnville, TN 21664","0","Buyer"
"182","james21@yahoo.com","pass182","Jared","Hill","30408 Michael Fields
Holmesville, GU 46716","0","Buyer"
"183","shannon24@gmail.com","pass183","Alicia","Liu","01131 Robert Ranch Apt. 229
West Taylor, OH 59143","0","Buyer"
"184","thomasgreen@hotmail.com","pass184","Jonathan","Jones","95725 Troy Junction
Lake Daniel, MS 60310","0","Buyer"
"185","fisherbonnie@gmail.com","pass185","Ryan","Ryan","06247 Robert Greens Apt. 994
East Mary, AS 51042","0","Buyer"
"186","hartkelly@yahoo.com","pass186","Jessica","Carroll","159 Davis Flats Suite 983
Joshuamouth, VT 61470","0","Buyer"
"187","allenoscar@hotmail.com","pass187","Sierra","Jones","8939 Scott Mills
North Adam, TX 74102","0","Buyer"
"188","yallen@hotmail.com","pass188","Jamie","Haney","3318 Thomas Springs
Christophertown, FL 41262","0","Buyer"
"189","bbryan@hotmail.com","pass189","Dawn","Haynes","12290 Daniel Course Suite 876
Port Dennisshire, WY 27424","0","Buyer"
"190","ashlee63@gmail.com","pass190","Joseph","Reid","USNS Williams
FPO AA 15168","0","Buyer"
"191","bennetttravis@gmail.com","pass191","Brian","Holland","1578 Ann Common Suite 317
North Kevinborough, PW 95189","0","Buyer"
"192","nnovak@gmail.com","pass192","Michael","Jones","Unit 4003 Box 0504
DPO AA 80466","0","Buyer"
"193","ericmontgomery@hotmail.com","pass193","Elizabeth","DVM","900 Daniels Shoal
Muellerside, OH 69431","0","Buyer"
"194","richardprince@yahoo.com","pass194","Linda","Johnson","106 Samuel Track Suite 746
Lake Latoyaland, MD 62126","0","Buyer"
"195","bonnie69@hotmail.com","pass195","Jo","Johnson","Unit 0254 Box 3015
DPO AE 27600","0","Buyer"
"196","joshua72@hotmail.com","pass196","Lisa","Ryan","610 Misty Club
Lake David, NY 91142","0","Buyer"
"197","charlesrichards@gmail.com","pass197","Robert","Anderson","04473 Holmes Flats
Jillborough, NE 68015","0","Buyer"
"198","briangomez@gmail.com","pass198","Rebecca","Haynes","11313 Decker Underpass Apt. 730
Lake Melissa, AL 50482","0","Buyer"
"199","deleonpatricia@yahoo.com","pass199","Dana","Morris","877 Anderson Views
Rodriguezchester, TN 14076","0","Buyer"
